source,step,camera,metric,value
eval_obs_20260828_224504,0,camera0,state_matched_cosine,0.3670263886451721
eval_obs_20260828_224504,24,camera0,state_matched_cosine,0.3830149173736572
eval_obs_20260828_224504,48,camera0,state_matched_cosine,0.34940195083618164
eval_obs_20260828_224504,72,camera0,state_matched_cosine,0.36405861377716064
eval_obs_20260828_224504,96,camera0,state_matched_cosine,0.3630739450454712
eval_obs_20260828_224504,120,camera0,state_matched_cosine,0.36528342962265015
eval_obs_20260828_224504,144,camera0,state_matched_cosine,0.3655202388763428
eval_obs_20260828_224504,168,camera0,state_matched_cosine,0.37457191944122314
eval_obs_20260828_224504,192,camera0,state_matched_cosine,0.37929850816726685
eval_obs_20260828_224504,216,camera0,state_matched_cosine,0.3794194459915161
eval_obs_20260828_224504,240,camera0,state_matched_cosine,0.3785281777381897
eval_obs_20260828_224504,264,camera0,state_matched_cosine,0.36158645153045654
eval_obs_20260828_224504,288,camera0,state_matched_cosine,0.3683909773826599
eval_obs_20260828_224504,312,camera0,state_matched_cosine,0.35990798473358154
eval_obs_20260828_224504,336,camera0,state_matched_cosine,0.36733686923980713
eval_obs_20260828_224504,360,camera0,state_matched_cosine,0.36072635650634766
eval_obs_20260828_224504,384,camera0,state_matched_cosine,0.37588322162628174
eval_obs_20260828_224504,408,camera0,state_matched_cosine,0.39422178268432617
eval_obs_20260828_224504,432,camera0,state_matched_cosine,0.3619539737701416
eval_obs_20260828_224504,456,camera0,state_matched_cosine,0.37570393085479736
eval_obs_20260828_224504,480,camera0,state_matched_cosine,0.36587709188461304
eval_obs_20260828_224504,504,camera0,state_matched_cosine,0.3701208829879761
eval_obs_20260828_224708,0,camera0,state_matched_cosine,0.34145212173461914
eval_obs_20260828_224708,24,camera0,state_matched_cosine,0.3174382448196411
eval_obs_20260828_224708,48,camera0,state_matched_cosine,0.3408879041671753
eval_obs_20260828_224708,72,camera0,state_matched_cosine,0.30931782722473145
eval_obs_20260828_224708,96,camera0,state_matched_cosine,0.3314124345779419
eval_obs_20260828_224708,120,camera0,state_matched_cosine,0.3225114345550537
eval_obs_20260828_224708,144,camera0,state_matched_cosine,0.3378942012786865
eval_obs_20260828_224708,168,camera0,state_matched_cosine,0.32746100425720215
eval_obs_20260828_224708,192,camera0,state_matched_cosine,0.33243805170059204
eval_obs_20260828_224708,216,camera0,state_matched_cosine,0.3215166926383972
eval_obs_20260828_224708,240,camera0,state_matched_cosine,0.31069207191467285
eval_obs_20260828_224708,264,camera0,state_matched_cosine,0.3211100697517395
eval_obs_20260828_224708,288,camera0,state_matched_cosine,0.32511603832244873
eval_obs_20260828_224708,312,camera0,state_matched_cosine,0.3283349275588989
eval_obs_20260828_224901,0,camera0,state_matched_cosine,0.29929691553115845
eval_obs_20260828_224901,24,camera0,state_matched_cosine,0.31852126121520996
eval_obs_20260828_224901,48,camera0,state_matched_cosine,0.3060091733932495
eval_obs_20260828_224901,72,camera0,state_matched_cosine,0.3221619129180908
eval_obs_20260828_224901,96,camera0,state_matched_cosine,0.30433034896850586
eval_obs_20260828_224901,120,camera0,state_matched_cosine,0.33916175365448
eval_obs_20260828_224901,144,camera0,state_matched_cosine,0.33131247758865356
eval_obs_20260828_224901,168,camera0,state_matched_cosine,0.3319123387336731
eval_obs_20260828_224901,192,camera0,state_matched_cosine,0.3142600655555725
eval_obs_20260828_224901,216,camera0,state_matched_cosine,0.3034466505050659
eval_obs_20260828_224901,240,camera0,state_matched_cosine,0.317537784576416
eval_obs_20260828_224901,264,camera0,state_matched_cosine,0.31512975692749023
eval_obs_20260828_224901,288,camera0,state_matched_cosine,0.330965518951416
eval_obs_20260828_224901,312,camera0,state_matched_cosine,0.3139801025390625
eval_obs_20260828_224901,336,camera0,state_matched_cosine,0.3286828398704529
eval_obs_20260828_224504,0,camera1,state_matched_cosine,0.32082003355026245
eval_obs_20260828_224504,24,camera1,state_matched_cosine,0.243574321269989
eval_obs_20260828_224504,48,camera1,state_matched_cosine,0.3303142786026001
eval_obs_20260828_224504,72,camera1,state_matched_cosine,0.39029037952423096
eval_obs_20260828_224504,96,camera1,state_matched_cosine,0.40833228826522827
eval_obs_20260828_224504,120,camera1,state_matched_cosine,0.2094050645828247
eval_obs_20260828_224504,144,camera1,state_matched_cosine,0.2526969909667969
eval_obs_20260828_224504,168,camera1,state_matched_cosine,0.29047226905822754
eval_obs_20260828_224504,192,camera1,state_matched_cosine,0.30465900897979736
eval_obs_20260828_224504,216,camera1,state_matched_cosine,0.28718632459640503
eval_obs_20260828_224504,240,camera1,state_matched_cosine,0.26973628997802734
eval_obs_20260828_224504,264,camera1,state_matched_cosine,0.2645435333251953
eval_obs_20260828_224504,288,camera1,state_matched_cosine,0.3811455965042114
eval_obs_20260828_224504,312,camera1,state_matched_cosine,0.34473109245300293
eval_obs_20260828_224504,336,camera1,state_matched_cosine,0.2963191270828247
eval_obs_20260828_224504,360,camera1,state_matched_cosine,0.3889363408088684
eval_obs_20260828_224504,384,camera1,state_matched_cosine,0.32777082920074463
eval_obs_20260828_224504,408,camera1,state_matched_cosine,0.3519138693809509
eval_obs_20260828_224504,432,camera1,state_matched_cosine,0.3532036542892456
eval_obs_20260828_224504,456,camera1,state_matched_cosine,0.3913217782974243
eval_obs_20260828_224504,480,camera1,state_matched_cosine,0.3826090097427368
eval_obs_20260828_224504,504,camera1,state_matched_cosine,0.41295337677001953
eval_obs_20260828_224708,0,camera1,state_matched_cosine,0.26012343168258667
eval_obs_20260828_224708,24,camera1,state_matched_cosine,0.31970930099487305
eval_obs_20260828_224708,48,camera1,state_matched_cosine,0.30693840980529785
eval_obs_20260828_224708,72,camera1,state_matched_cosine,0.3545793294906616
eval_obs_20260828_224708,96,camera1,state_matched_cosine,0.344785213470459
eval_obs_20260828_224708,120,camera1,state_matched_cosine,0.18081778287887573
eval_obs_20260828_224708,144,camera1,state_matched_cosine,0.17572659254074097
eval_obs_20260828_224708,168,camera1,state_matched_cosine,0.20301532745361328
eval_obs_20260828_224708,192,camera1,state_matched_cosine,0.22534137964248657
eval_obs_20260828_224708,216,camera1,state_matched_cosine,0.28633689880371094
eval_obs_20260828_224708,240,camera1,state_matched_cosine,0.2833327054977417
eval_obs_20260828_224708,264,camera1,state_matched_cosine,0.3109310269355774
eval_obs_20260828_224708,288,camera1,state_matched_cosine,0.27239370346069336
eval_obs_20260828_224708,312,camera1,state_matched_cosine,0.2757164239883423
eval_obs_20260828_224901,0,camera1,state_matched_cosine,0.2309049367904663
eval_obs_20260828_224901,24,camera1,state_matched_cosine,0.20696032047271729
eval_obs_20260828_224901,48,camera1,state_matched_cosine,0.27742063999176025
eval_obs_20260828_224901,72,camera1,state_matched_cosine,0.3189588189125061
eval_obs_20260828_224901,96,camera1,state_matched_cosine,0.3851723074913025
eval_obs_20260828_224901,120,camera1,state_matched_cosine,0.22036021947860718
eval_obs_20260828_224901,144,camera1,state_matched_cosine,0.28044432401657104
eval_obs_20260828_224901,168,camera1,state_matched_cosine,0.2445664405822754
eval_obs_20260828_224901,192,camera1,state_matched_cosine,0.23444795608520508
eval_obs_20260828_224901,216,camera1,state_matched_cosine,0.307991087436676
eval_obs_20260828_224901,240,camera1,state_matched_cosine,0.33813703060150146
eval_obs_20260828_224901,264,camera1,state_matched_cosine,0.30610430240631104
eval_obs_20260828_224901,288,camera1,state_matched_cosine,0.2612917423248291
eval_obs_20260828_224901,312,camera1,state_matched_cosine,0.29954659938812256
eval_obs_20260828_224901,336,camera1,state_matched_cosine,0.27819597721099854
eval_obs_20260828_224504,0,joint,state_matched_cosine,0.3439231514930725
eval_obs_20260828_224504,24,joint,state_matched_cosine,0.31329452991485596
eval_obs_20260828_224504,48,joint,state_matched_cosine,0.3398580551147461
eval_obs_20260828_224504,72,joint,state_matched_cosine,0.3771744966506958
eval_obs_20260828_224504,96,joint,state_matched_cosine,0.38570302724838257
eval_obs_20260828_224504,120,joint,state_matched_cosine,0.28734421730041504
eval_obs_20260828_224504,144,joint,state_matched_cosine,0.3091086149215698
eval_obs_20260828_224504,168,joint,state_matched_cosine,0.33252209424972534
eval_obs_20260828_224504,192,joint,state_matched_cosine,0.3419787287712097
eval_obs_20260828_224504,216,joint,state_matched_cosine,0.3333028554916382
eval_obs_20260828_224504,240,joint,state_matched_cosine,0.32413220405578613
eval_obs_20260828_224504,264,joint,state_matched_cosine,0.31306493282318115
eval_obs_20260828_224504,288,joint,state_matched_cosine,0.3747682571411133
eval_obs_20260828_224504,312,joint,state_matched_cosine,0.35231947898864746
eval_obs_20260828_224504,336,joint,state_matched_cosine,0.3318279981613159
eval_obs_20260828_224504,360,joint,state_matched_cosine,0.37483131885528564
eval_obs_20260828_224504,384,joint,state_matched_cosine,0.3518270254135132
eval_obs_20260828_224504,408,joint,state_matched_cosine,0.37306785583496094
eval_obs_20260828_224504,432,joint,state_matched_cosine,0.35757875442504883
eval_obs_20260828_224504,456,joint,state_matched_cosine,0.38351285457611084
eval_obs_20260828_224504,480,joint,state_matched_cosine,0.37424302101135254
eval_obs_20260828_224504,504,joint,state_matched_cosine,0.3915371298789978
eval_obs_20260828_224708,0,joint,state_matched_cosine,0.3007877469062805
eval_obs_20260828_224708,24,joint,state_matched_cosine,0.3185737133026123
eval_obs_20260828_224708,48,joint,state_matched_cosine,0.3239131569862366
eval_obs_20260828_224708,72,joint,state_matched_cosine,0.33194857835769653
eval_obs_20260828_224708,96,joint,state_matched_cosine,0.33809882402420044
eval_obs_20260828_224708,120,joint,state_matched_cosine,0.2516646385192871
eval_obs_20260828_224708,144,joint,state_matched_cosine,0.2568105459213257
eval_obs_20260828_224708,168,joint,state_matched_cosine,0.2652381658554077
eval_obs_20260828_224708,192,joint,state_matched_cosine,0.2788897156715393
eval_obs_20260828_224708,216,joint,state_matched_cosine,0.3039267659187317
eval_obs_20260828_224708,240,joint,state_matched_cosine,0.2970123291015625
eval_obs_20260828_224708,264,joint,state_matched_cosine,0.3160206079483032
eval_obs_20260828_224708,288,joint,state_matched_cosine,0.29875481128692627
eval_obs_20260828_224708,312,joint,state_matched_cosine,0.3020256757736206
eval_obs_20260828_224901,0,joint,state_matched_cosine,0.26510089635849
eval_obs_20260828_224901,24,joint,state_matched_cosine,0.26274073123931885
eval_obs_20260828_224901,48,joint,state_matched_cosine,0.2917149066925049
eval_obs_20260828_224901,72,joint,state_matched_cosine,0.3205603361129761
eval_obs_20260828_224901,96,joint,state_matched_cosine,0.344751238822937
eval_obs_20260828_224901,120,joint,state_matched_cosine,0.27976083755493164
eval_obs_20260828_224901,144,joint,state_matched_cosine,0.3058784008026123
eval_obs_20260828_224901,168,joint,state_matched_cosine,0.28823935985565186
eval_obs_20260828_224901,192,joint,state_matched_cosine,0.2743539810180664
eval_obs_20260828_224901,216,joint,state_matched_cosine,0.30571889877319336
eval_obs_20260828_224901,240,joint,state_matched_cosine,0.32783740758895874
eval_obs_20260828_224901,264,joint,state_matched_cosine,0.31061697006225586
eval_obs_20260828_224901,288,joint,state_matched_cosine,0.29612863063812256
eval_obs_20260828_224901,312,joint,state_matched_cosine,0.30676335096359253
eval_obs_20260828_224901,336,joint,state_matched_cosine,0.3034393787384033
eval_obs_20260828_224504,0,0,luma_mean_observed,0.05277403071522713
eval_obs_20260828_224504,0,0,luma_mean_matched_reference,0.0
eval_obs_20260828_224504,24,0,luma_mean_observed,0.05253036320209503
eval_obs_20260828_224504,24,0,luma_mean_matched_reference,0.0
eval_obs_20260828_224504,48,0,luma_mean_observed,0.052437733858823776
eval_obs_20260828_224504,48,0,luma_mean_matched_reference,0.0
eval_obs_20260828_224504,72,0,luma_mean_observed,0.05249421298503876
eval_obs_20260828_224504,72,0,luma_mean_matched_reference,0.0
eval_obs_20260828_224504,96,0,luma_mean_observed,0.05217817798256874
eval_obs_20260828_224504,96,0,luma_mean_matched_reference,0.0
eval_obs_20260828_224504,120,0,luma_mean_observed,0.051230330020189285
eval_obs_20260828_224504,120,0,luma_mean_matched_reference,0.0
eval_obs_20260828_224504,144,0,luma_mean_observed,0.05026932805776596
eval_obs_20260828_224504,144,0,luma_mean_matched_reference,0.0
eval_obs_20260828_224504,168,0,luma_mean_observed,0.05025811120867729
eval_obs_20260828_224504,168,0,luma_mean_matched_reference,0.0
eval_obs_20260828_224504,192,0,luma_mean_observed,0.050252411514520645
eval_obs_20260828_224504,192,0,luma_mean_matched_reference,0.0
eval_obs_20260828_224504,216,0,luma_mean_observed,0.05016929656267166
eval_obs_20260828_224504,216,0,luma_mean_matched_reference,0.0
eval_obs_20260828_224504,240,0,luma_mean_observed,0.050052352249622345
eval_obs_20260828_224504,240,0,luma_mean_matched_reference,0.0
eval_obs_20260828_224504,264,0,luma_mean_observed,0.04995046928524971
eval_obs_20260828_224504,264,0,luma_mean_matched_reference,0.0
eval_obs_20260828_224504,288,0,luma_mean_observed,0.04990974813699722
eval_obs_20260828_224504,288,0,luma_mean_matched_reference,0.0
eval_obs_20260828_224504,312,0,luma_mean_observed,0.04993018880486488
eval_obs_20260828_224504,312,0,luma_mean_matched_reference,0.0
eval_obs_20260828_224504,336,0,luma_mean_observed,0.049887288361787796
eval_obs_20260828_224504,336,0,luma_mean_matched_reference,0.0
eval_obs_20260828_224504,360,0,luma_mean_observed,0.04969467967748642
eval_obs_20260828_224504,360,0,luma_mean_matched_reference,0.0
eval_obs_20260828_224504,384,0,luma_mean_observed,0.050120193511247635
eval_obs_20260828_224504,384,0,luma_mean_matched_reference,0.0
eval_obs_20260828_224504,408,0,luma_mean_observed,0.050116874277591705
eval_obs_20260828_224504,408,0,luma_mean_matched_reference,0.0
eval_obs_20260828_224504,432,0,luma_mean_observed,0.050038207322359085
eval_obs_20260828_224504,432,0,luma_mean_matched_reference,0.0
eval_obs_20260828_224504,456,0,luma_mean_observed,0.04999386519193649
eval_obs_20260828_224504,456,0,luma_mean_matched_reference,0.0
eval_obs_20260828_224504,480,0,luma_mean_observed,0.04982401430606842
eval_obs_20260828_224504,480,0,luma_mean_matched_reference,0.0
eval_obs_20260828_224504,504,0,luma_mean_observed,0.049852341413497925
eval_obs_20260828_224504,504,0,luma_mean_matched_reference,0.0
eval_obs_20260828_224504,0,0,luma_std_observed,0.07942907512187958
eval_obs_20260828_224504,0,0,luma_std_matched_reference,0.0
eval_obs_20260828_224504,24,0,luma_std_observed,0.07957637310028076
eval_obs_20260828_224504,24,0,luma_std_matched_reference,0.0
eval_obs_20260828_224504,48,0,luma_std_observed,0.0795619860291481
eval_obs_20260828_224504,48,0,luma_std_matched_reference,0.0
eval_obs_20260828_224504,72,0,luma_std_observed,0.0796281024813652
eval_obs_20260828_224504,72,0,luma_std_matched_reference,0.0
eval_obs_20260828_224504,96,0,luma_std_observed,0.07924117147922516
eval_obs_20260828_224504,96,0,luma_std_matched_reference,0.0
eval_obs_20260828_224504,120,0,luma_std_observed,0.07865244895219803
eval_obs_20260828_224504,120,0,luma_std_matched_reference,0.0
eval_obs_20260828_224504,144,0,luma_std_observed,0.07842317223548889
eval_obs_20260828_224504,144,0,luma_std_matched_reference,0.0
eval_obs_20260828_224504,168,0,luma_std_observed,0.07847339659929276
eval_obs_20260828_224504,168,0,luma_std_matched_reference,0.0
eval_obs_20260828_224504,192,0,luma_std_observed,0.07842052727937698
eval_obs_20260828_224504,192,0,luma_std_matched_reference,0.0
eval_obs_20260828_224504,216,0,luma_std_observed,0.07839423418045044
eval_obs_20260828_224504,216,0,luma_std_matched_reference,0.0
eval_obs_20260828_224504,240,0,luma_std_observed,0.07836931943893433
eval_obs_20260828_224504,240,0,luma_std_matched_reference,0.0
eval_obs_20260828_224504,264,0,luma_std_observed,0.07838989794254303
eval_obs_20260828_224504,264,0,luma_std_matched_reference,0.0
eval_obs_20260828_224504,288,0,luma_std_observed,0.07833877950906754
eval_obs_20260828_224504,288,0,luma_std_matched_reference,0.0
eval_obs_20260828_224504,312,0,luma_std_observed,0.07832696288824081
eval_obs_20260828_224504,312,0,luma_std_matched_reference,0.0
eval_obs_20260828_224504,336,0,luma_std_observed,0.07836135476827621
eval_obs_20260828_224504,336,0,luma_std_matched_reference,0.0
eval_obs_20260828_224504,360,0,luma_std_observed,0.07835513353347778
eval_obs_20260828_224504,360,0,luma_std_matched_reference,0.0
eval_obs_20260828_224504,384,0,luma_std_observed,0.07840139418840408
eval_obs_20260828_224504,384,0,luma_std_matched_reference,0.0
eval_obs_20260828_224504,408,0,luma_std_observed,0.0783916637301445
eval_obs_20260828_224504,408,0,luma_std_matched_reference,0.0
eval_obs_20260828_224504,432,0,luma_std_observed,0.07835616171360016
eval_obs_20260828_224504,432,0,luma_std_matched_reference,0.0
eval_obs_20260828_224504,456,0,luma_std_observed,0.07835079729557037
eval_obs_20260828_224504,456,0,luma_std_matched_reference,0.0
eval_obs_20260828_224504,480,0,luma_std_observed,0.078314870595932
eval_obs_20260828_224504,480,0,luma_std_matched_reference,0.0
eval_obs_20260828_224504,504,0,luma_std_observed,0.07830319553613663
eval_obs_20260828_224504,504,0,luma_std_matched_reference,0.0
eval_obs_20260828_224504,0,0,saturation_mean_observed,0.8454144597053528
eval_obs_20260828_224504,0,0,saturation_mean_matched_reference,0.0
eval_obs_20260828_224504,24,0,saturation_mean_observed,0.8459493517875671
eval_obs_20260828_224504,24,0,saturation_mean_matched_reference,0.0
eval_obs_20260828_224504,48,0,saturation_mean_observed,0.8459317088127136
eval_obs_20260828_224504,48,0,saturation_mean_matched_reference,0.0
eval_obs_20260828_224504,72,0,saturation_mean_observed,0.8477529287338257
eval_obs_20260828_224504,72,0,saturation_mean_matched_reference,0.0
eval_obs_20260828_224504,96,0,saturation_mean_observed,0.8486584424972534
eval_obs_20260828_224504,96,0,saturation_mean_matched_reference,0.0
eval_obs_20260828_224504,120,0,saturation_mean_observed,0.8508051633834839
eval_obs_20260828_224504,120,0,saturation_mean_matched_reference,0.0
eval_obs_20260828_224504,144,0,saturation_mean_observed,0.8557873368263245
eval_obs_20260828_224504,144,0,saturation_mean_matched_reference,0.0
eval_obs_20260828_224504,168,0,saturation_mean_observed,0.8572646379470825
eval_obs_20260828_224504,168,0,saturation_mean_matched_reference,0.0
eval_obs_20260828_224504,192,0,saturation_mean_observed,0.8579093813896179
eval_obs_20260828_224504,192,0,saturation_mean_matched_reference,0.0
eval_obs_20260828_224504,216,0,saturation_mean_observed,0.8587813377380371
eval_obs_20260828_224504,216,0,saturation_mean_matched_reference,0.0
eval_obs_20260828_224504,240,0,saturation_mean_observed,0.8558995127677917
eval_obs_20260828_224504,240,0,saturation_mean_matched_reference,0.0
eval_obs_20260828_224504,264,0,saturation_mean_observed,0.8576682806015015
eval_obs_20260828_224504,264,0,saturation_mean_matched_reference,0.0
eval_obs_20260828_224504,288,0,saturation_mean_observed,0.8581113815307617
eval_obs_20260828_224504,288,0,saturation_mean_matched_reference,0.0
eval_obs_20260828_224504,312,0,saturation_mean_observed,0.8604555130004883
eval_obs_20260828_224504,312,0,saturation_mean_matched_reference,0.0
eval_obs_20260828_224504,336,0,saturation_mean_observed,0.8589151501655579
eval_obs_20260828_224504,336,0,saturation_mean_matched_reference,0.0
eval_obs_20260828_224504,360,0,saturation_mean_observed,0.8573216199874878
eval_obs_20260828_224504,360,0,saturation_mean_matched_reference,0.0
eval_obs_20260828_224504,384,0,saturation_mean_observed,0.8561933636665344
eval_obs_20260828_224504,384,0,saturation_mean_matched_reference,0.0
eval_obs_20260828_224504,408,0,saturation_mean_observed,0.8575739860534668
eval_obs_20260828_224504,408,0,saturation_mean_matched_reference,0.0
eval_obs_20260828_224504,432,0,saturation_mean_observed,0.8564429879188538
eval_obs_20260828_224504,432,0,saturation_mean_matched_reference,0.0
eval_obs_20260828_224504,456,0,saturation_mean_observed,0.8564570546150208
eval_obs_20260828_224504,456,0,saturation_mean_matched_reference,0.0
eval_obs_20260828_224504,480,0,saturation_mean_observed,0.8568319082260132
eval_obs_20260828_224504,480,0,saturation_mean_matched_reference,0.0
eval_obs_20260828_224504,504,0,saturation_mean_observed,0.8571545481681824
eval_obs_20260828_224504,504,0,saturation_mean_matched_reference,0.0
eval_obs_20260828_224504,0,0,laplacian_variance_observed,381.1119435952635
eval_obs_20260828_224504,0,0,laplacian_variance_matched_reference,0.0
eval_obs_20260828_224504,24,0,laplacian_variance_observed,373.34000227362964
eval_obs_20260828_224504,24,0,laplacian_variance_matched_reference,0.0
eval_obs_20260828_224504,48,0,laplacian_variance_observed,375.1665131367529
eval_obs_20260828_224504,48,0,laplacian_variance_matched_reference,0.0
eval_obs_20260828_224504,72,0,laplacian_variance_observed,375.36043067774835
eval_obs_20260828_224504,72,0,laplacian_variance_matched_reference,0.0
eval_obs_20260828_224504,96,0,laplacian_variance_observed,369.2375238141335
eval_obs_20260828_224504,96,0,laplacian_variance_matched_reference,0.0
eval_obs_20260828_224504,120,0,laplacian_variance_observed,355.1733282006617
eval_obs_20260828_224504,120,0,laplacian_variance_matched_reference,0.0
eval_obs_20260828_224504,144,0,laplacian_variance_observed,353.33282660723034
eval_obs_20260828_224504,144,0,laplacian_variance_matched_reference,0.0
eval_obs_20260828_224504,168,0,laplacian_variance_observed,353.716875893729
eval_obs_20260828_224504,168,0,laplacian_variance_matched_reference,0.0
eval_obs_20260828_224504,192,0,laplacian_variance_observed,351.8399832394659
eval_obs_20260828_224504,192,0,laplacian_variance_matched_reference,0.0
eval_obs_20260828_224504,216,0,laplacian_variance_observed,353.5336203612868
eval_obs_20260828_224504,216,0,laplacian_variance_matched_reference,0.0
eval_obs_20260828_224504,240,0,laplacian_variance_observed,352.8151496365288
eval_obs_20260828_224504,240,0,laplacian_variance_matched_reference,0.0
eval_obs_20260828_224504,264,0,laplacian_variance_observed,352.94307892722713
eval_obs_20260828_224504,264,0,laplacian_variance_matched_reference,0.0
eval_obs_20260828_224504,288,0,laplacian_variance_observed,352.8930523088702
eval_obs_20260828_224504,288,0,laplacian_variance_matched_reference,0.0
eval_obs_20260828_224504,312,0,laplacian_variance_observed,351.902900258882
eval_obs_20260828_224504,312,0,laplacian_variance_matched_reference,0.0
eval_obs_20260828_224504,336,0,laplacian_variance_observed,352.6881362282698
eval_obs_20260828_224504,336,0,laplacian_variance_matched_reference,0.0
eval_obs_20260828_224504,360,0,laplacian_variance_observed,353.48646668025424
eval_obs_20260828_224504,360,0,laplacian_variance_matched_reference,0.0
eval_obs_20260828_224504,384,0,laplacian_variance_observed,354.7395168862111
eval_obs_20260828_224504,384,0,laplacian_variance_matched_reference,0.0
eval_obs_20260828_224504,408,0,laplacian_variance_observed,354.29364559581904
eval_obs_20260828_224504,408,0,laplacian_variance_matched_reference,0.0
eval_obs_20260828_224504,432,0,laplacian_variance_observed,353.1354619681165
eval_obs_20260828_224504,432,0,laplacian_variance_matched_reference,0.0
eval_obs_20260828_224504,456,0,laplacian_variance_observed,350.8384878197495
eval_obs_20260828_224504,456,0,laplacian_variance_matched_reference,0.0
eval_obs_20260828_224504,480,0,laplacian_variance_observed,350.4586852171778
eval_obs_20260828_224504,480,0,laplacian_variance_matched_reference,0.0
eval_obs_20260828_224504,504,0,laplacian_variance_observed,353.0712687259215
eval_obs_20260828_224504,504,0,laplacian_variance_matched_reference,0.0
eval_obs_20260828_224504,0,0,edge_density_observed,0.029097576530612245
eval_obs_20260828_224504,0,0,edge_density_matched_reference,0.0
eval_obs_20260828_224504,24,0,edge_density_observed,0.027941645408163265
eval_obs_20260828_224504,24,0,edge_density_matched_reference,0.0
eval_obs_20260828_224504,48,0,edge_density_observed,0.0274234693877551
eval_obs_20260828_224504,48,0,edge_density_matched_reference,0.0
eval_obs_20260828_224504,72,0,edge_density_observed,0.027144451530612245
eval_obs_20260828_224504,72,0,edge_density_matched_reference,0.0
eval_obs_20260828_224504,96,0,edge_density_observed,0.02770248724489796
eval_obs_20260828_224504,96,0,edge_density_matched_reference,0.0
eval_obs_20260828_224504,120,0,edge_density_observed,0.024932238520408163
eval_obs_20260828_224504,120,0,edge_density_matched_reference,0.0
eval_obs_20260828_224504,144,0,edge_density_observed,0.02285953443877551
eval_obs_20260828_224504,144,0,edge_density_matched_reference,0.0
eval_obs_20260828_224504,168,0,edge_density_observed,0.023198341836734693
eval_obs_20260828_224504,168,0,edge_density_matched_reference,0.0
eval_obs_20260828_224504,192,0,edge_density_observed,0.022341358418367346
eval_obs_20260828_224504,192,0,edge_density_matched_reference,0.0
eval_obs_20260828_224504,216,0,edge_density_observed,0.022401147959183673
eval_obs_20260828_224504,216,0,edge_density_matched_reference,0.0
eval_obs_20260828_224504,240,0,edge_density_observed,0.022620376275510203
eval_obs_20260828_224504,240,0,edge_density_matched_reference,0.0
eval_obs_20260828_224504,264,0,edge_density_observed,0.022739955357142856
eval_obs_20260828_224504,264,0,edge_density_matched_reference,0.0
eval_obs_20260828_224504,288,0,edge_density_observed,0.023018973214285716
eval_obs_20260828_224504,288,0,edge_density_matched_reference,0.0
eval_obs_20260828_224504,312,0,edge_density_observed,0.02268016581632653
eval_obs_20260828_224504,312,0,edge_density_matched_reference,0.0
eval_obs_20260828_224504,336,0,edge_density_observed,0.02321827168367347
eval_obs_20260828_224504,336,0,edge_density_matched_reference,0.0
eval_obs_20260828_224504,360,0,edge_density_observed,0.022620376275510203
eval_obs_20260828_224504,360,0,edge_density_matched_reference,0.0
eval_obs_20260828_224504,384,0,edge_density_observed,0.02256058673469388
eval_obs_20260828_224504,384,0,edge_density_matched_reference,0.0
eval_obs_20260828_224504,408,0,edge_density_observed,0.02325813137755102
eval_obs_20260828_224504,408,0,edge_density_matched_reference,0.0
eval_obs_20260828_224504,432,0,edge_density_observed,0.021942761479591837
eval_obs_20260828_224504,432,0,edge_density_matched_reference,0.0
eval_obs_20260828_224504,456,0,edge_density_observed,0.022181919642857144
eval_obs_20260828_224504,456,0,edge_density_matched_reference,0.0
eval_obs_20260828_224504,480,0,edge_density_observed,0.023138552295918366
eval_obs_20260828_224504,480,0,edge_density_matched_reference,0.0
eval_obs_20260828_224504,504,0,edge_density_observed,0.023158482142857144
eval_obs_20260828_224504,504,0,edge_density_matched_reference,0.0
eval_obs_20260828_224504,0,1,luma_mean_observed,0.3086772561073303
eval_obs_20260828_224504,0,1,luma_mean_matched_reference,0.3739311695098877
eval_obs_20260828_224504,24,1,luma_mean_observed,0.2912500202655792
eval_obs_20260828_224504,24,1,luma_mean_matched_reference,0.3670889437198639
eval_obs_20260828_224504,48,1,luma_mean_observed,0.27749499678611755
eval_obs_20260828_224504,48,1,luma_mean_matched_reference,0.3575741946697235
eval_obs_20260828_224504,72,1,luma_mean_observed,0.27447059750556946
eval_obs_20260828_224504,72,1,luma_mean_matched_reference,0.35652846097946167
eval_obs_20260828_224504,96,1,luma_mean_observed,0.27314436435699463
eval_obs_20260828_224504,96,1,luma_mean_matched_reference,0.34518560767173767
eval_obs_20260828_224504,120,1,luma_mean_observed,0.2697407007217407
eval_obs_20260828_224504,120,1,luma_mean_matched_reference,0.3161907494068146
eval_obs_20260828_224504,144,1,luma_mean_observed,0.27018532156944275
eval_obs_20260828_224504,144,1,luma_mean_matched_reference,0.31678876280784607
eval_obs_20260828_224504,168,1,luma_mean_observed,0.2716365456581116
eval_obs_20260828_224504,168,1,luma_mean_matched_reference,0.31678876280784607
eval_obs_20260828_224504,192,1,luma_mean_observed,0.2740987539291382
eval_obs_20260828_224504,192,1,luma_mean_matched_reference,0.31678876280784607
eval_obs_20260828_224504,216,1,luma_mean_observed,0.26986679434776306
eval_obs_20260828_224504,216,1,luma_mean_matched_reference,0.31678876280784607
eval_obs_20260828_224504,240,1,luma_mean_observed,0.2697566747665405
eval_obs_20260828_224504,240,1,luma_mean_matched_reference,0.31678876280784607
eval_obs_20260828_224504,264,1,luma_mean_observed,0.27017319202423096
eval_obs_20260828_224504,264,1,luma_mean_matched_reference,0.31501176953315735
eval_obs_20260828_224504,288,1,luma_mean_observed,0.27344727516174316
eval_obs_20260828_224504,288,1,luma_mean_matched_reference,0.32200586795806885
eval_obs_20260828_224504,312,1,luma_mean_observed,0.2713485360145569
eval_obs_20260828_224504,312,1,luma_mean_matched_reference,0.35270246863365173
eval_obs_20260828_224504,336,1,luma_mean_observed,0.271375447511673
eval_obs_20260828_224504,336,1,luma_mean_matched_reference,0.34095263481140137
eval_obs_20260828_224504,360,1,luma_mean_observed,0.26870983839035034
eval_obs_20260828_224504,360,1,luma_mean_matched_reference,0.33096131682395935
eval_obs_20260828_224504,384,1,luma_mean_observed,0.2707657814025879
eval_obs_20260828_224504,384,1,luma_mean_matched_reference,0.32447004318237305
eval_obs_20260828_224504,408,1,luma_mean_observed,0.283571720123291
eval_obs_20260828_224504,408,1,luma_mean_matched_reference,0.36427754163742065
eval_obs_20260828_224504,432,1,luma_mean_observed,0.28372788429260254
eval_obs_20260828_224504,432,1,luma_mean_matched_reference,0.37476328015327454
eval_obs_20260828_224504,456,1,luma_mean_observed,0.2807266116142273
eval_obs_20260828_224504,456,1,luma_mean_matched_reference,0.37476328015327454
eval_obs_20260828_224504,480,1,luma_mean_observed,0.277834415435791
eval_obs_20260828_224504,480,1,luma_mean_matched_reference,0.37476328015327454
eval_obs_20260828_224504,504,1,luma_mean_observed,0.27212172746658325
eval_obs_20260828_224504,504,1,luma_mean_matched_reference,0.37476328015327454
eval_obs_20260828_224504,0,1,luma_std_observed,0.24319568276405334
eval_obs_20260828_224504,0,1,luma_std_matched_reference,0.2567833960056305
eval_obs_20260828_224504,24,1,luma_std_observed,0.23021098971366882
eval_obs_20260828_224504,24,1,luma_std_matched_reference,0.2451566755771637
eval_obs_20260828_224504,48,1,luma_std_observed,0.22105847299098969
eval_obs_20260828_224504,48,1,luma_std_matched_reference,0.23838749527931213
eval_obs_20260828_224504,72,1,luma_std_observed,0.2184072732925415
eval_obs_20260828_224504,72,1,luma_std_matched_reference,0.2377423346042633
eval_obs_20260828_224504,96,1,luma_std_observed,0.2170824110507965
eval_obs_20260828_224504,96,1,luma_std_matched_reference,0.2318911850452423
eval_obs_20260828_224504,120,1,luma_std_observed,0.21326754987239838
eval_obs_20260828_224504,120,1,luma_std_matched_reference,0.21889668703079224
eval_obs_20260828_224504,144,1,luma_std_observed,0.2124849408864975
eval_obs_20260828_224504,144,1,luma_std_matched_reference,0.2188636064529419
eval_obs_20260828_224504,168,1,luma_std_observed,0.21213209629058838
eval_obs_20260828_224504,168,1,luma_std_matched_reference,0.2188636064529419
eval_obs_20260828_224504,192,1,luma_std_observed,0.21623852849006653
eval_obs_20260828_224504,192,1,luma_std_matched_reference,0.2188636064529419
eval_obs_20260828_224504,216,1,luma_std_observed,0.21323953568935394
eval_obs_20260828_224504,216,1,luma_std_matched_reference,0.2188636064529419
eval_obs_20260828_224504,240,1,luma_std_observed,0.21229645609855652
eval_obs_20260828_224504,240,1,luma_std_matched_reference,0.2188636064529419
eval_obs_20260828_224504,264,1,luma_std_observed,0.21214404702186584
eval_obs_20260828_224504,264,1,luma_std_matched_reference,0.21632681787014008
eval_obs_20260828_224504,288,1,luma_std_observed,0.21439827978610992
eval_obs_20260828_224504,288,1,luma_std_matched_reference,0.21508434414863586
eval_obs_20260828_224504,312,1,luma_std_observed,0.2127784788608551
eval_obs_20260828_224504,312,1,luma_std_matched_reference,0.2270835041999817
eval_obs_20260828_224504,336,1,luma_std_observed,0.21370525658130646
eval_obs_20260828_224504,336,1,luma_std_matched_reference,0.2198072224855423
eval_obs_20260828_224504,360,1,luma_std_observed,0.21133171021938324
eval_obs_20260828_224504,360,1,luma_std_matched_reference,0.2163466513156891
eval_obs_20260828_224504,384,1,luma_std_observed,0.21327191591262817
eval_obs_20260828_224504,384,1,luma_std_matched_reference,0.2176256626844406
eval_obs_20260828_224504,408,1,luma_std_observed,0.22208403050899506
eval_obs_20260828_224504,408,1,luma_std_matched_reference,0.23781634867191315
eval_obs_20260828_224504,432,1,luma_std_observed,0.22257980704307556
eval_obs_20260828_224504,432,1,luma_std_matched_reference,0.24430714547634125
eval_obs_20260828_224504,456,1,luma_std_observed,0.22125138342380524
eval_obs_20260828_224504,456,1,luma_std_matched_reference,0.24430714547634125
eval_obs_20260828_224504,480,1,luma_std_observed,0.2198992669582367
eval_obs_20260828_224504,480,1,luma_std_matched_reference,0.24430714547634125
eval_obs_20260828_224504,504,1,luma_std_observed,0.21526466310024261
eval_obs_20260828_224504,504,1,luma_std_matched_reference,0.24430714547634125
eval_obs_20260828_224504,0,1,saturation_mean_observed,0.4343462586402893
eval_obs_20260828_224504,0,1,saturation_mean_matched_reference,0.310027152299881
eval_obs_20260828_224504,24,1,saturation_mean_observed,0.4493873417377472
eval_obs_20260828_224504,24,1,saturation_mean_matched_reference,0.3031037449836731
eval_obs_20260828_224504,48,1,saturation_mean_observed,0.45784494280815125
eval_obs_20260828_224504,48,1,saturation_mean_matched_reference,0.3078935444355011
eval_obs_20260828_224504,72,1,saturation_mean_observed,0.4602481722831726
eval_obs_20260828_224504,72,1,saturation_mean_matched_reference,0.30742716789245605
eval_obs_20260828_224504,96,1,saturation_mean_observed,0.4601612389087677
eval_obs_20260828_224504,96,1,saturation_mean_matched_reference,0.3160899877548218
eval_obs_20260828_224504,120,1,saturation_mean_observed,0.4632053077220917
eval_obs_20260828_224504,120,1,saturation_mean_matched_reference,0.3460891842842102
eval_obs_20260828_224504,144,1,saturation_mean_observed,0.4639156460762024
eval_obs_20260828_224504,144,1,saturation_mean_matched_reference,0.3460475504398346
eval_obs_20260828_224504,168,1,saturation_mean_observed,0.46264126896858215
eval_obs_20260828_224504,168,1,saturation_mean_matched_reference,0.3460475504398346
eval_obs_20260828_224504,192,1,saturation_mean_observed,0.4599927067756653
eval_obs_20260828_224504,192,1,saturation_mean_matched_reference,0.3460475504398346
eval_obs_20260828_224504,216,1,saturation_mean_observed,0.46215811371803284
eval_obs_20260828_224504,216,1,saturation_mean_matched_reference,0.3460475504398346
eval_obs_20260828_224504,240,1,saturation_mean_observed,0.46453651785850525
eval_obs_20260828_224504,240,1,saturation_mean_matched_reference,0.3460475504398346
eval_obs_20260828_224504,264,1,saturation_mean_observed,0.46433624625205994
eval_obs_20260828_224504,264,1,saturation_mean_matched_reference,0.3456428349018097
eval_obs_20260828_224504,288,1,saturation_mean_observed,0.4619881808757782
eval_obs_20260828_224504,288,1,saturation_mean_matched_reference,0.33387690782546997
eval_obs_20260828_224504,312,1,saturation_mean_observed,0.4636693596839905
eval_obs_20260828_224504,312,1,saturation_mean_matched_reference,0.31270670890808105
eval_obs_20260828_224504,336,1,saturation_mean_observed,0.4628804624080658
eval_obs_20260828_224504,336,1,saturation_mean_matched_reference,0.32204142212867737
eval_obs_20260828_224504,360,1,saturation_mean_observed,0.4649915397167206
eval_obs_20260828_224504,360,1,saturation_mean_matched_reference,0.3283132016658783
eval_obs_20260828_224504,384,1,saturation_mean_observed,0.4633267819881439
eval_obs_20260828_224504,384,1,saturation_mean_matched_reference,0.336896687746048
eval_obs_20260828_224504,408,1,saturation_mean_observed,0.45286309719085693
eval_obs_20260828_224504,408,1,saturation_mean_matched_reference,0.30520933866500854
eval_obs_20260828_224504,432,1,saturation_mean_observed,0.4514066278934479
eval_obs_20260828_224504,432,1,saturation_mean_matched_reference,0.3010740876197815
eval_obs_20260828_224504,456,1,saturation_mean_observed,0.45332834124565125
eval_obs_20260828_224504,456,1,saturation_mean_matched_reference,0.3010740876197815
eval_obs_20260828_224504,480,1,saturation_mean_observed,0.45420390367507935
eval_obs_20260828_224504,480,1,saturation_mean_matched_reference,0.3010740876197815
eval_obs_20260828_224504,504,1,saturation_mean_observed,0.460031658411026
eval_obs_20260828_224504,504,1,saturation_mean_matched_reference,0.3010740876197815
eval_obs_20260828_224504,0,1,laplacian_variance_observed,995.7130255057682
eval_obs_20260828_224504,0,1,laplacian_variance_matched_reference,1315.2787444250923
eval_obs_20260828_224504,24,1,laplacian_variance_observed,972.7533667169973
eval_obs_20260828_224504,24,1,laplacian_variance_matched_reference,1340.9138295917596
eval_obs_20260828_224504,48,1,laplacian_variance_observed,952.1338626411942
eval_obs_20260828_224504,48,1,laplacian_variance_matched_reference,1327.178713149103
eval_obs_20260828_224504,72,1,laplacian_variance_observed,943.243459317447
eval_obs_20260828_224504,72,1,laplacian_variance_matched_reference,1333.1905449732599
eval_obs_20260828_224504,96,1,laplacian_variance_observed,934.9357479640415
eval_obs_20260828_224504,96,1,laplacian_variance_matched_reference,1294.0587003247927
eval_obs_20260828_224504,120,1,laplacian_variance_observed,927.8489901226096
eval_obs_20260828_224504,120,1,laplacian_variance_matched_reference,1233.9321733889406
eval_obs_20260828_224504,144,1,laplacian_variance_observed,933.5872329523642
eval_obs_20260828_224504,144,1,laplacian_variance_matched_reference,1222.5662206878567
eval_obs_20260828_224504,168,1,laplacian_variance_observed,948.1059787262484
eval_obs_20260828_224504,168,1,laplacian_variance_matched_reference,1222.5662206878567
eval_obs_20260828_224504,192,1,laplacian_variance_observed,948.8920704223176
eval_obs_20260828_224504,192,1,laplacian_variance_matched_reference,1222.5662206878567
eval_obs_20260828_224504,216,1,laplacian_variance_observed,948.3305289833709
eval_obs_20260828_224504,216,1,laplacian_variance_matched_reference,1222.5662206878567
eval_obs_20260828_224504,240,1,laplacian_variance_observed,934.0242915469277
eval_obs_20260828_224504,240,1,laplacian_variance_matched_reference,1222.5662206878567
eval_obs_20260828_224504,264,1,laplacian_variance_observed,942.5595258246457
eval_obs_20260828_224504,264,1,laplacian_variance_matched_reference,1282.5384490530673
eval_obs_20260828_224504,288,1,laplacian_variance_observed,935.5369691654128
eval_obs_20260828_224504,288,1,laplacian_variance_matched_reference,1313.1621759387665
eval_obs_20260828_224504,312,1,laplacian_variance_observed,929.8615149609599
eval_obs_20260828_224504,312,1,laplacian_variance_matched_reference,1325.585390375734
eval_obs_20260828_224504,336,1,laplacian_variance_observed,940.315377660415
eval_obs_20260828_224504,336,1,laplacian_variance_matched_reference,1232.1326318079111
eval_obs_20260828_224504,360,1,laplacian_variance_observed,940.1734695239942
eval_obs_20260828_224504,360,1,laplacian_variance_matched_reference,1240.2464054553323
eval_obs_20260828_224504,384,1,laplacian_variance_observed,941.4217899867466
eval_obs_20260828_224504,384,1,laplacian_variance_matched_reference,1130.4160255863485
eval_obs_20260828_224504,408,1,laplacian_variance_observed,924.6126556396484
eval_obs_20260828_224504,408,1,laplacian_variance_matched_reference,1334.9986276622617
eval_obs_20260828_224504,432,1,laplacian_variance_observed,913.8942858601848
eval_obs_20260828_224504,432,1,laplacian_variance_matched_reference,1369.7477799176868
eval_obs_20260828_224504,456,1,laplacian_variance_observed,922.9070175783378
eval_obs_20260828_224504,456,1,laplacian_variance_matched_reference,1369.7477799176868
eval_obs_20260828_224504,480,1,laplacian_variance_observed,915.7540206877402
eval_obs_20260828_224504,480,1,laplacian_variance_matched_reference,1369.7477799176868
eval_obs_20260828_224504,504,1,laplacian_variance_observed,924.4812747485832
eval_obs_20260828_224504,504,1,laplacian_variance_matched_reference,1369.7477799176868
eval_obs_20260828_224504,0,1,edge_density_observed,0.09131855867346939
eval_obs_20260828_224504,0,1,edge_density_matched_reference,0.09634088010204081
eval_obs_20260828_224504,24,1,edge_density_observed,0.08653539540816327
eval_obs_20260828_224504,24,1,edge_density_matched_reference,0.09693877551020408
eval_obs_20260828_224504,48,1,edge_density_observed,0.08424346301020408
eval_obs_20260828_224504,48,1,edge_density_matched_reference,0.10094467474489796
eval_obs_20260828_224504,72,1,edge_density_observed,0.08569834183673469
eval_obs_20260828_224504,72,1,edge_density_matched_reference,0.09948979591836735
eval_obs_20260828_224504,96,1,edge_density_observed,0.08474170918367346
eval_obs_20260828_224504,96,1,edge_density_matched_reference,0.09835379464285714
eval_obs_20260828_224504,120,1,edge_density_observed,0.08444276147959184
eval_obs_20260828_224504,120,1,edge_density_matched_reference,0.09604193239795919
eval_obs_20260828_224504,144,1,edge_density_observed,0.08209103954081633
eval_obs_20260828_224504,144,1,edge_density_matched_reference,0.09709821428571429
eval_obs_20260828_224504,168,1,edge_density_observed,0.07898198341836735
eval_obs_20260828_224504,168,1,edge_density_matched_reference,0.09709821428571429
eval_obs_20260828_224504,192,1,edge_density_observed,0.08067602040816327
eval_obs_20260828_224504,192,1,edge_density_matched_reference,0.09709821428571429
eval_obs_20260828_224504,216,1,edge_density_observed,0.08019770408163265
eval_obs_20260828_224504,216,1,edge_density_matched_reference,0.09709821428571429
eval_obs_20260828_224504,240,1,edge_density_observed,0.07908163265306123
eval_obs_20260828_224504,240,1,edge_density_matched_reference,0.09709821428571429
eval_obs_20260828_224504,264,1,edge_density_observed,0.07957987882653061
eval_obs_20260828_224504,264,1,edge_density_matched_reference,0.09648038903061225
eval_obs_20260828_224504,288,1,edge_density_observed,0.07826450892857142
eval_obs_20260828_224504,288,1,edge_density_matched_reference,0.0989516900510204
eval_obs_20260828_224504,312,1,edge_density_observed,0.07872289540816327
eval_obs_20260828_224504,312,1,edge_density_matched_reference,0.09438775510204081
eval_obs_20260828_224504,336,1,edge_density_observed,0.07938058035714286
eval_obs_20260828_224504,336,1,edge_density_matched_reference,0.09185666454081633
eval_obs_20260828_224504,360,1,edge_density_observed,0.0787826849489796
eval_obs_20260828_224504,360,1,edge_density_matched_reference,0.0889469068877551
eval_obs_20260828_224504,384,1,edge_density_observed,0.08083545918367346
eval_obs_20260828_224504,384,1,edge_density_matched_reference,0.08848852040816327
eval_obs_20260828_224504,408,1,edge_density_observed,0.08183195153061225
eval_obs_20260828_224504,408,1,edge_density_matched_reference,0.09813456632653061
eval_obs_20260828_224504,432,1,edge_density_observed,0.08165258290816327
eval_obs_20260828_224504,432,1,edge_density_matched_reference,0.09739716198979592
eval_obs_20260828_224504,456,1,edge_density_observed,0.08175223214285714
eval_obs_20260828_224504,456,1,edge_density_matched_reference,0.09739716198979592
eval_obs_20260828_224504,480,1,edge_density_observed,0.08157286352040816
eval_obs_20260828_224504,480,1,edge_density_matched_reference,0.09739716198979592
eval_obs_20260828_224504,504,1,edge_density_observed,0.0803970025510204
eval_obs_20260828_224504,504,1,edge_density_matched_reference,0.09739716198979592
eval_obs_20260828_224708,0,0,luma_mean_observed,0.049895696341991425
eval_obs_20260828_224708,0,0,luma_mean_matched_reference,0.0
eval_obs_20260828_224708,24,0,luma_mean_observed,0.04996549338102341
eval_obs_20260828_224708,24,0,luma_mean_matched_reference,0.0
eval_obs_20260828_224708,48,0,luma_mean_observed,0.0499560572206974
eval_obs_20260828_224708,48,0,luma_mean_matched_reference,0.0
eval_obs_20260828_224708,72,0,luma_mean_observed,0.0499587245285511
eval_obs_20260828_224708,72,0,luma_mean_matched_reference,0.0
eval_obs_20260828_224708,96,0,luma_mean_observed,0.04991370439529419
eval_obs_20260828_224708,96,0,luma_mean_matched_reference,0.0
eval_obs_20260828_224708,120,0,luma_mean_observed,0.04997798800468445
eval_obs_20260828_224708,120,0,luma_mean_matched_reference,0.0
eval_obs_20260828_224708,144,0,luma_mean_observed,0.04999857395887375
eval_obs_20260828_224708,144,0,luma_mean_matched_reference,0.0
eval_obs_20260828_224708,168,0,luma_mean_observed,0.04992625489830971
eval_obs_20260828_224708,168,0,luma_mean_matched_reference,0.0
eval_obs_20260828_224708,192,0,luma_mean_observed,0.049983590841293335
eval_obs_20260828_224708,192,0,luma_mean_matched_reference,0.0
eval_obs_20260828_224708,216,0,luma_mean_observed,0.04997212439775467
eval_obs_20260828_224708,216,0,luma_mean_matched_reference,0.0
eval_obs_20260828_224708,240,0,luma_mean_observed,0.0500318706035614
eval_obs_20260828_224708,240,0,luma_mean_matched_reference,0.0
eval_obs_20260828_224708,264,0,luma_mean_observed,0.050040487200021744
eval_obs_20260828_224708,264,0,luma_mean_matched_reference,0.0
eval_obs_20260828_224708,288,0,luma_mean_observed,0.05000707507133484
eval_obs_20260828_224708,288,0,luma_mean_matched_reference,0.0
eval_obs_20260828_224708,312,0,luma_mean_observed,0.04998534172773361
eval_obs_20260828_224708,312,0,luma_mean_matched_reference,0.0
eval_obs_20260828_224708,0,0,luma_std_observed,0.07857424765825272
eval_obs_20260828_224708,0,0,luma_std_matched_reference,0.0
eval_obs_20260828_224708,24,0,luma_std_observed,0.07869462668895721
eval_obs_20260828_224708,24,0,luma_std_matched_reference,0.0
eval_obs_20260828_224708,48,0,luma_std_observed,0.07872267812490463
eval_obs_20260828_224708,48,0,luma_std_matched_reference,0.0
eval_obs_20260828_224708,72,0,luma_std_observed,0.07877540588378906
eval_obs_20260828_224708,72,0,luma_std_matched_reference,0.0
eval_obs_20260828_224708,96,0,luma_std_observed,0.07871156930923462
eval_obs_20260828_224708,96,0,luma_std_matched_reference,0.0
eval_obs_20260828_224708,120,0,luma_std_observed,0.07878416031599045
eval_obs_20260828_224708,120,0,luma_std_matched_reference,0.0
eval_obs_20260828_224708,144,0,luma_std_observed,0.07875189930200577
eval_obs_20260828_224708,144,0,luma_std_matched_reference,0.0
eval_obs_20260828_224708,168,0,luma_std_observed,0.07875218987464905
eval_obs_20260828_224708,168,0,luma_std_matched_reference,0.0
eval_obs_20260828_224708,192,0,luma_std_observed,0.07869093120098114
eval_obs_20260828_224708,192,0,luma_std_matched_reference,0.0
eval_obs_20260828_224708,216,0,luma_std_observed,0.07872022688388824
eval_obs_20260828_224708,216,0,luma_std_matched_reference,0.0
eval_obs_20260828_224708,240,0,luma_std_observed,0.07869845628738403
eval_obs_20260828_224708,240,0,luma_std_matched_reference,0.0
eval_obs_20260828_224708,264,0,luma_std_observed,0.07875693589448929
eval_obs_20260828_224708,264,0,luma_std_matched_reference,0.0
eval_obs_20260828_224708,288,0,luma_std_observed,0.07870563864707947
eval_obs_20260828_224708,288,0,luma_std_matched_reference,0.0
eval_obs_20260828_224708,312,0,luma_std_observed,0.0787295550107956
eval_obs_20260828_224708,312,0,luma_std_matched_reference,0.0
eval_obs_20260828_224708,0,0,saturation_mean_observed,0.8552948236465454
eval_obs_20260828_224708,0,0,saturation_mean_matched_reference,0.0
eval_obs_20260828_224708,24,0,saturation_mean_observed,0.8575671315193176
eval_obs_20260828_224708,24,0,saturation_mean_matched_reference,0.0
eval_obs_20260828_224708,48,0,saturation_mean_observed,0.8580048084259033
eval_obs_20260828_224708,48,0,saturation_mean_matched_reference,0.0
eval_obs_20260828_224708,72,0,saturation_mean_observed,0.8575543761253357
eval_obs_20260828_224708,72,0,saturation_mean_matched_reference,0.0
eval_obs_20260828_224708,96,0,saturation_mean_observed,0.8579282164573669
eval_obs_20260828_224708,96,0,saturation_mean_matched_reference,0.0
eval_obs_20260828_224708,120,0,saturation_mean_observed,0.8578491806983948
eval_obs_20260828_224708,120,0,saturation_mean_matched_reference,0.0
eval_obs_20260828_224708,144,0,saturation_mean_observed,0.8572783470153809
eval_obs_20260828_224708,144,0,saturation_mean_matched_reference,0.0
eval_obs_20260828_224708,168,0,saturation_mean_observed,0.8585737347602844
eval_obs_20260828_224708,168,0,saturation_mean_matched_reference,0.0
eval_obs_20260828_224708,192,0,saturation_mean_observed,0.8573759198188782
eval_obs_20260828_224708,192,0,saturation_mean_matched_reference,0.0
eval_obs_20260828_224708,216,0,saturation_mean_observed,0.8557635545730591
eval_obs_20260828_224708,216,0,saturation_mean_matched_reference,0.0
eval_obs_20260828_224708,240,0,saturation_mean_observed,0.8553678393363953
eval_obs_20260828_224708,240,0,saturation_mean_matched_reference,0.0
eval_obs_20260828_224708,264,0,saturation_mean_observed,0.8587349653244019
eval_obs_20260828_224708,264,0,saturation_mean_matched_reference,0.0
eval_obs_20260828_224708,288,0,saturation_mean_observed,0.8573389053344727
eval_obs_20260828_224708,288,0,saturation_mean_matched_reference,0.0
eval_obs_20260828_224708,312,0,saturation_mean_observed,0.8553432822227478
eval_obs_20260828_224708,312,0,saturation_mean_matched_reference,0.0
eval_obs_20260828_224708,0,0,laplacian_variance_observed,360.92031696229026
eval_obs_20260828_224708,0,0,laplacian_variance_matched_reference,0.0
eval_obs_20260828_224708,24,0,laplacian_variance_observed,350.54649595120014
eval_obs_20260828_224708,24,0,laplacian_variance_matched_reference,0.0
eval_obs_20260828_224708,48,0,laplacian_variance_observed,353.7257054685206
eval_obs_20260828_224708,48,0,laplacian_variance_matched_reference,0.0
eval_obs_20260828_224708,72,0,laplacian_variance_observed,351.92012081599046
eval_obs_20260828_224708,72,0,laplacian_variance_matched_reference,0.0
eval_obs_20260828_224708,96,0,laplacian_variance_observed,352.7330196925572
eval_obs_20260828_224708,96,0,laplacian_variance_matched_reference,0.0
eval_obs_20260828_224708,120,0,laplacian_variance_observed,353.2296894836903
eval_obs_20260828_224708,120,0,laplacian_variance_matched_reference,0.0
eval_obs_20260828_224708,144,0,laplacian_variance_observed,350.8864376730642
eval_obs_20260828_224708,144,0,laplacian_variance_matched_reference,0.0
eval_obs_20260828_224708,168,0,laplacian_variance_observed,350.80960956805455
eval_obs_20260828_224708,168,0,laplacian_variance_matched_reference,0.0
eval_obs_20260828_224708,192,0,laplacian_variance_observed,349.445790657447
eval_obs_20260828_224708,192,0,laplacian_variance_matched_reference,0.0
eval_obs_20260828_224708,216,0,laplacian_variance_observed,351.89857646516344
eval_obs_20260828_224708,216,0,laplacian_variance_matched_reference,0.0
eval_obs_20260828_224708,240,0,laplacian_variance_observed,354.56476919991627
eval_obs_20260828_224708,240,0,laplacian_variance_matched_reference,0.0
eval_obs_20260828_224708,264,0,laplacian_variance_observed,352.8500860644002
eval_obs_20260828_224708,264,0,laplacian_variance_matched_reference,0.0
eval_obs_20260828_224708,288,0,laplacian_variance_observed,352.6785107616185
eval_obs_20260828_224708,288,0,laplacian_variance_matched_reference,0.0
eval_obs_20260828_224708,312,0,laplacian_variance_observed,353.3763749493206
eval_obs_20260828_224708,312,0,laplacian_variance_matched_reference,0.0
eval_obs_20260828_224708,0,0,edge_density_observed,0.022660235969387755
eval_obs_20260828_224708,0,0,edge_density_matched_reference,0.0
eval_obs_20260828_224708,24,0,edge_density_observed,0.023377710459183673
eval_obs_20260828_224708,24,0,edge_density_matched_reference,0.0
eval_obs_20260828_224708,48,0,edge_density_observed,0.02285953443877551
eval_obs_20260828_224708,48,0,edge_density_matched_reference,0.0
eval_obs_20260828_224708,72,0,edge_density_observed,0.021643813775510203
eval_obs_20260828_224708,72,0,edge_density_matched_reference,0.0
eval_obs_20260828_224708,96,0,edge_density_observed,0.022839604591836735
eval_obs_20260828_224708,96,0,edge_density_matched_reference,0.0
eval_obs_20260828_224708,120,0,edge_density_observed,0.022919323979591837
eval_obs_20260828_224708,120,0,edge_density_matched_reference,0.0
eval_obs_20260828_224708,144,0,edge_density_observed,0.022480867346938774
eval_obs_20260828_224708,144,0,edge_density_matched_reference,0.0
eval_obs_20260828_224708,168,0,edge_density_observed,0.022401147959183673
eval_obs_20260828_224708,168,0,edge_density_matched_reference,0.0
eval_obs_20260828_224708,192,0,edge_density_observed,0.023098692602040817
eval_obs_20260828_224708,192,0,edge_density_matched_reference,0.0
eval_obs_20260828_224708,216,0,edge_density_observed,0.02272002551020408
eval_obs_20260828_224708,216,0,edge_density_matched_reference,0.0
eval_obs_20260828_224708,240,0,edge_density_observed,0.022301498724489797
eval_obs_20260828_224708,240,0,edge_density_matched_reference,0.0
eval_obs_20260828_224708,264,0,edge_density_observed,0.02236128826530612
eval_obs_20260828_224708,264,0,edge_density_matched_reference,0.0
eval_obs_20260828_224708,288,0,edge_density_observed,0.0224609375
eval_obs_20260828_224708,288,0,edge_density_matched_reference,0.0
eval_obs_20260828_224708,312,0,edge_density_observed,0.0223812181122449
eval_obs_20260828_224708,312,0,edge_density_matched_reference,0.0
eval_obs_20260828_224708,0,1,luma_mean_observed,0.30866968631744385
eval_obs_20260828_224708,0,1,luma_mean_matched_reference,0.3739311695098877
eval_obs_20260828_224708,24,1,luma_mean_observed,0.29674601554870605
eval_obs_20260828_224708,24,1,luma_mean_matched_reference,0.3681677579879761
eval_obs_20260828_224708,48,1,luma_mean_observed,0.28556329011917114
eval_obs_20260828_224708,48,1,luma_mean_matched_reference,0.3575741946697235
eval_obs_20260828_224708,72,1,luma_mean_observed,0.2847743332386017
eval_obs_20260828_224708,72,1,luma_mean_matched_reference,0.35652846097946167
eval_obs_20260828_224708,96,1,luma_mean_observed,0.2838987708091736
eval_obs_20260828_224708,96,1,luma_mean_matched_reference,0.3418823480606079
eval_obs_20260828_224708,120,1,luma_mean_observed,0.2843916118144989
eval_obs_20260828_224708,120,1,luma_mean_matched_reference,0.31694692373275757
eval_obs_20260828_224708,144,1,luma_mean_observed,0.28675445914268494
eval_obs_20260828_224708,144,1,luma_mean_matched_reference,0.31720852851867676
eval_obs_20260828_224708,168,1,luma_mean_observed,0.30152514576911926
eval_obs_20260828_224708,168,1,luma_mean_matched_reference,0.34590744972229004
eval_obs_20260828_224708,192,1,luma_mean_observed,0.30803555250167847
eval_obs_20260828_224708,192,1,luma_mean_matched_reference,0.3549310266971588
eval_obs_20260828_224708,216,1,luma_mean_observed,0.3121333718299866
eval_obs_20260828_224708,216,1,luma_mean_matched_reference,0.352148175239563
eval_obs_20260828_224708,240,1,luma_mean_observed,0.31470856070518494
eval_obs_20260828_224708,240,1,luma_mean_matched_reference,0.352148175239563
eval_obs_20260828_224708,264,1,luma_mean_observed,0.3186672031879425
eval_obs_20260828_224708,264,1,luma_mean_matched_reference,0.352148175239563
eval_obs_20260828_224708,288,1,luma_mean_observed,0.32278814911842346
eval_obs_20260828_224708,288,1,luma_mean_matched_reference,0.352148175239563
eval_obs_20260828_224708,312,1,luma_mean_observed,0.3245111107826233
eval_obs_20260828_224708,312,1,luma_mean_matched_reference,0.352148175239563
eval_obs_20260828_224708,0,1,luma_std_observed,0.24237889051437378
eval_obs_20260828_224708,0,1,luma_std_matched_reference,0.2567833960056305
eval_obs_20260828_224708,24,1,luma_std_observed,0.23402279615402222
eval_obs_20260828_224708,24,1,luma_std_matched_reference,0.2459106296300888
eval_obs_20260828_224708,48,1,luma_std_observed,0.22476579248905182
eval_obs_20260828_224708,48,1,luma_std_matched_reference,0.23838749527931213
eval_obs_20260828_224708,72,1,luma_std_observed,0.2233940213918686
eval_obs_20260828_224708,72,1,luma_std_matched_reference,0.2377423346042633
eval_obs_20260828_224708,96,1,luma_std_observed,0.22264529764652252
eval_obs_20260828_224708,96,1,luma_std_matched_reference,0.2302761971950531
eval_obs_20260828_224708,120,1,luma_std_observed,0.2186436802148819
eval_obs_20260828_224708,120,1,luma_std_matched_reference,0.2186741977930069
eval_obs_20260828_224708,144,1,luma_std_observed,0.21452298760414124
eval_obs_20260828_224708,144,1,luma_std_matched_reference,0.21335479617118835
eval_obs_20260828_224708,168,1,luma_std_observed,0.21988855302333832
eval_obs_20260828_224708,168,1,luma_std_matched_reference,0.2245224118232727
eval_obs_20260828_224708,192,1,luma_std_observed,0.2209552824497223
eval_obs_20260828_224708,192,1,luma_std_matched_reference,0.22699351608753204
eval_obs_20260828_224708,216,1,luma_std_observed,0.22088691592216492
eval_obs_20260828_224708,216,1,luma_std_matched_reference,0.22467780113220215
eval_obs_20260828_224708,240,1,luma_std_observed,0.22132642567157745
eval_obs_20260828_224708,240,1,luma_std_matched_reference,0.22467780113220215
eval_obs_20260828_224708,264,1,luma_std_observed,0.22245581448078156
eval_obs_20260828_224708,264,1,luma_std_matched_reference,0.22467780113220215
eval_obs_20260828_224708,288,1,luma_std_observed,0.22317776083946228
eval_obs_20260828_224708,288,1,luma_std_matched_reference,0.22467780113220215
eval_obs_20260828_224708,312,1,luma_std_observed,0.2236936390399933
eval_obs_20260828_224708,312,1,luma_std_matched_reference,0.22467780113220215
eval_obs_20260828_224708,0,1,saturation_mean_observed,0.4335341155529022
eval_obs_20260828_224708,0,1,saturation_mean_matched_reference,0.310027152299881
eval_obs_20260828_224708,24,1,saturation_mean_observed,0.4439225196838379
eval_obs_20260828_224708,24,1,saturation_mean_matched_reference,0.30125999450683594
eval_obs_20260828_224708,48,1,saturation_mean_observed,0.45154160261154175
eval_obs_20260828_224708,48,1,saturation_mean_matched_reference,0.3078935444355011
eval_obs_20260828_224708,72,1,saturation_mean_observed,0.4502907693386078
eval_obs_20260828_224708,72,1,saturation_mean_matched_reference,0.30742716789245605
eval_obs_20260828_224708,96,1,saturation_mean_observed,0.4520670175552368
eval_obs_20260828_224708,96,1,saturation_mean_matched_reference,0.31766176223754883
eval_obs_20260828_224708,120,1,saturation_mean_observed,0.4507269561290741
eval_obs_20260828_224708,120,1,saturation_mean_matched_reference,0.3454585671424866
eval_obs_20260828_224708,144,1,saturation_mean_observed,0.44783174991607666
eval_obs_20260828_224708,144,1,saturation_mean_matched_reference,0.33644405007362366
eval_obs_20260828_224708,168,1,saturation_mean_observed,0.4358080327510834
eval_obs_20260828_224708,168,1,saturation_mean_matched_reference,0.31658029556274414
eval_obs_20260828_224708,192,1,saturation_mean_observed,0.4281107783317566
eval_obs_20260828_224708,192,1,saturation_mean_matched_reference,0.3125530481338501
eval_obs_20260828_224708,216,1,saturation_mean_observed,0.42330852150917053
eval_obs_20260828_224708,216,1,saturation_mean_matched_reference,0.3133433759212494
eval_obs_20260828_224708,240,1,saturation_mean_observed,0.41917651891708374
eval_obs_20260828_224708,240,1,saturation_mean_matched_reference,0.3133433759212494
eval_obs_20260828_224708,264,1,saturation_mean_observed,0.41660183668136597
eval_obs_20260828_224708,264,1,saturation_mean_matched_reference,0.3133433759212494
eval_obs_20260828_224708,288,1,saturation_mean_observed,0.4109937846660614
eval_obs_20260828_224708,288,1,saturation_mean_matched_reference,0.3133433759212494
eval_obs_20260828_224708,312,1,saturation_mean_observed,0.4082023501396179
eval_obs_20260828_224708,312,1,saturation_mean_matched_reference,0.3133433759212494
eval_obs_20260828_224708,0,1,laplacian_variance_observed,1000.7341171321843
eval_obs_20260828_224708,0,1,laplacian_variance_matched_reference,1315.2787444250923
eval_obs_20260828_224708,24,1,laplacian_variance_observed,959.9927782712506
eval_obs_20260828_224708,24,1,laplacian_variance_matched_reference,1352.5615260923769
eval_obs_20260828_224708,48,1,laplacian_variance_observed,901.1969534994313
eval_obs_20260828_224708,48,1,laplacian_variance_matched_reference,1327.178713149103
eval_obs_20260828_224708,72,1,laplacian_variance_observed,899.6042916175971
eval_obs_20260828_224708,72,1,laplacian_variance_matched_reference,1333.1905449732599
eval_obs_20260828_224708,96,1,laplacian_variance_observed,874.0713832363492
eval_obs_20260828_224708,96,1,laplacian_variance_matched_reference,1300.6986324400864
eval_obs_20260828_224708,120,1,laplacian_variance_observed,881.500486906942
eval_obs_20260828_224708,120,1,laplacian_variance_matched_reference,1243.6059588043454
eval_obs_20260828_224708,144,1,laplacian_variance_observed,858.5015936978209
eval_obs_20260828_224708,144,1,laplacian_variance_matched_reference,1297.190473896918
eval_obs_20260828_224708,168,1,laplacian_variance_observed,858.9093528471108
eval_obs_20260828_224708,168,1,laplacian_variance_matched_reference,1294.6808616689025
eval_obs_20260828_224708,192,1,laplacian_variance_observed,841.8595590825779
eval_obs_20260828_224708,192,1,laplacian_variance_matched_reference,1299.3289748016668
eval_obs_20260828_224708,216,1,laplacian_variance_observed,848.0148804206642
eval_obs_20260828_224708,216,1,laplacian_variance_matched_reference,1269.3538419746549
eval_obs_20260828_224708,240,1,laplacian_variance_observed,839.861328125
eval_obs_20260828_224708,240,1,laplacian_variance_matched_reference,1269.3538419746549
eval_obs_20260828_224708,264,1,laplacian_variance_observed,833.3594719351753
eval_obs_20260828_224708,264,1,laplacian_variance_matched_reference,1269.3538419746549
eval_obs_20260828_224708,288,1,laplacian_variance_observed,826.540879261886
eval_obs_20260828_224708,288,1,laplacian_variance_matched_reference,1269.3538419746549
eval_obs_20260828_224708,312,1,laplacian_variance_observed,818.0603673185025
eval_obs_20260828_224708,312,1,laplacian_variance_matched_reference,1269.3538419746549
eval_obs_20260828_224708,0,1,edge_density_observed,0.09287308673469388
eval_obs_20260828_224708,0,1,edge_density_matched_reference,0.09634088010204081
eval_obs_20260828_224708,24,1,edge_density_observed,0.0889469068877551
eval_obs_20260828_224708,24,1,edge_density_matched_reference,0.09801498724489796
eval_obs_20260828_224708,48,1,edge_density_observed,0.08242984693877552
eval_obs_20260828_224708,48,1,edge_density_matched_reference,0.10094467474489796
eval_obs_20260828_224708,72,1,edge_density_observed,0.08209103954081633
eval_obs_20260828_224708,72,1,edge_density_matched_reference,0.09948979591836735
eval_obs_20260828_224708,96,1,edge_density_observed,0.08215082908163265
eval_obs_20260828_224708,96,1,edge_density_matched_reference,0.09817442602040816
eval_obs_20260828_224708,120,1,edge_density_observed,0.07965959821428571
eval_obs_20260828_224708,120,1,edge_density_matched_reference,0.09739716198979592
eval_obs_20260828_224708,144,1,edge_density_observed,0.07718829719387756
eval_obs_20260828_224708,144,1,edge_density_matched_reference,0.09875239158163265
eval_obs_20260828_224708,168,1,edge_density_observed,0.07774633290816327
eval_obs_20260828_224708,168,1,edge_density_matched_reference,0.09650031887755102
eval_obs_20260828_224708,192,1,edge_density_observed,0.07778619260204081
eval_obs_20260828_224708,192,1,edge_density_matched_reference,0.09301259566326531
eval_obs_20260828_224708,216,1,edge_density_observed,0.07754703443877552
eval_obs_20260828_224708,216,1,edge_density_matched_reference,0.09058115433673469
eval_obs_20260828_224708,240,1,edge_density_observed,0.07611208545918367
eval_obs_20260828_224708,240,1,edge_density_matched_reference,0.09058115433673469
eval_obs_20260828_224708,264,1,edge_density_observed,0.07603236607142858
eval_obs_20260828_224708,264,1,edge_density_matched_reference,0.09058115433673469
eval_obs_20260828_224708,288,1,edge_density_observed,0.07579320790816327
eval_obs_20260828_224708,288,1,edge_density_matched_reference,0.09058115433673469
eval_obs_20260828_224708,312,1,edge_density_observed,0.07415896045918367
eval_obs_20260828_224708,312,1,edge_density_matched_reference,0.09058115433673469
eval_obs_20260828_224901,0,0,luma_mean_observed,0.051550835371017456
eval_obs_20260828_224901,0,0,luma_mean_matched_reference,0.0
eval_obs_20260828_224901,24,0,luma_mean_observed,0.05127566680312157
eval_obs_20260828_224901,24,0,luma_mean_matched_reference,0.0
eval_obs_20260828_224901,48,0,luma_mean_observed,0.0512828528881073
eval_obs_20260828_224901,48,0,luma_mean_matched_reference,0.0
eval_obs_20260828_224901,72,0,luma_mean_observed,0.05127536132931709
eval_obs_20260828_224901,72,0,luma_mean_matched_reference,0.0
eval_obs_20260828_224901,96,0,luma_mean_observed,0.05122441053390503
eval_obs_20260828_224901,96,0,luma_mean_matched_reference,0.0
eval_obs_20260828_224901,120,0,luma_mean_observed,0.05114059895277023
eval_obs_20260828_224901,120,0,luma_mean_matched_reference,0.0
eval_obs_20260828_224901,144,0,luma_mean_observed,0.05104728788137436
eval_obs_20260828_224901,144,0,luma_mean_matched_reference,0.0
eval_obs_20260828_224901,168,0,luma_mean_observed,0.051063504070043564
eval_obs_20260828_224901,168,0,luma_mean_matched_reference,0.0
eval_obs_20260828_224901,192,0,luma_mean_observed,0.05098029226064682
eval_obs_20260828_224901,192,0,luma_mean_matched_reference,0.0
eval_obs_20260828_224901,216,0,luma_mean_observed,0.05098792910575867
eval_obs_20260828_224901,216,0,luma_mean_matched_reference,0.0
eval_obs_20260828_224901,240,0,luma_mean_observed,0.05093573406338692
eval_obs_20260828_224901,240,0,luma_mean_matched_reference,0.0
eval_obs_20260828_224901,264,0,luma_mean_observed,0.05119132995605469
eval_obs_20260828_224901,264,0,luma_mean_matched_reference,0.0
eval_obs_20260828_224901,288,0,luma_mean_observed,0.05116918683052063
eval_obs_20260828_224901,288,0,luma_mean_matched_reference,0.0
eval_obs_20260828_224901,312,0,luma_mean_observed,0.05108350142836571
eval_obs_20260828_224901,312,0,luma_mean_matched_reference,0.0
eval_obs_20260828_224901,336,0,luma_mean_observed,0.0510878823697567
eval_obs_20260828_224901,336,0,luma_mean_matched_reference,0.0
eval_obs_20260828_224901,0,0,luma_std_observed,0.07857856154441833
eval_obs_20260828_224901,0,0,luma_std_matched_reference,0.0
eval_obs_20260828_224901,24,0,luma_std_observed,0.07865779846906662
eval_obs_20260828_224901,24,0,luma_std_matched_reference,0.0
eval_obs_20260828_224901,48,0,luma_std_observed,0.07868649065494537
eval_obs_20260828_224901,48,0,luma_std_matched_reference,0.0
eval_obs_20260828_224901,72,0,luma_std_observed,0.07866471260786057
eval_obs_20260828_224901,72,0,luma_std_matched_reference,0.0
eval_obs_20260828_224901,96,0,luma_std_observed,0.07867240160703659
eval_obs_20260828_224901,96,0,luma_std_matched_reference,0.0
eval_obs_20260828_224901,120,0,luma_std_observed,0.07863461971282959
eval_obs_20260828_224901,120,0,luma_std_matched_reference,0.0
eval_obs_20260828_224901,144,0,luma_std_observed,0.07863906770944595
eval_obs_20260828_224901,144,0,luma_std_matched_reference,0.0
eval_obs_20260828_224901,168,0,luma_std_observed,0.07864678651094437
eval_obs_20260828_224901,168,0,luma_std_matched_reference,0.0
eval_obs_20260828_224901,192,0,luma_std_observed,0.07861848920583725
eval_obs_20260828_224901,192,0,luma_std_matched_reference,0.0
eval_obs_20260828_224901,216,0,luma_std_observed,0.07861936837434769
eval_obs_20260828_224901,216,0,luma_std_matched_reference,0.0
eval_obs_20260828_224901,240,0,luma_std_observed,0.07866489887237549
eval_obs_20260828_224901,240,0,luma_std_matched_reference,0.0
eval_obs_20260828_224901,264,0,luma_std_observed,0.07864541560411453
eval_obs_20260828_224901,264,0,luma_std_matched_reference,0.0
eval_obs_20260828_224901,288,0,luma_std_observed,0.07867211848497391
eval_obs_20260828_224901,288,0,luma_std_matched_reference,0.0
eval_obs_20260828_224901,312,0,luma_std_observed,0.07866910099983215
eval_obs_20260828_224901,312,0,luma_std_matched_reference,0.0
eval_obs_20260828_224901,336,0,luma_std_observed,0.0786530151963234
eval_obs_20260828_224901,336,0,luma_std_matched_reference,0.0
eval_obs_20260828_224901,0,0,saturation_mean_observed,0.8521642684936523
eval_obs_20260828_224901,0,0,saturation_mean_matched_reference,0.0
eval_obs_20260828_224901,24,0,saturation_mean_observed,0.8534752130508423
eval_obs_20260828_224901,24,0,saturation_mean_matched_reference,0.0
eval_obs_20260828_224901,48,0,saturation_mean_observed,0.8506343364715576
eval_obs_20260828_224901,48,0,saturation_mean_matched_reference,0.0
eval_obs_20260828_224901,72,0,saturation_mean_observed,0.8505516052246094
eval_obs_20260828_224901,72,0,saturation_mean_matched_reference,0.0
eval_obs_20260828_224901,96,0,saturation_mean_observed,0.8535025715827942
eval_obs_20260828_224901,96,0,saturation_mean_matched_reference,0.0
eval_obs_20260828_224901,120,0,saturation_mean_observed,0.8556036949157715
eval_obs_20260828_224901,120,0,saturation_mean_matched_reference,0.0
eval_obs_20260828_224901,144,0,saturation_mean_observed,0.8558773398399353
eval_obs_20260828_224901,144,0,saturation_mean_matched_reference,0.0
eval_obs_20260828_224901,168,0,saturation_mean_observed,0.8537688851356506
eval_obs_20260828_224901,168,0,saturation_mean_matched_reference,0.0
eval_obs_20260828_224901,192,0,saturation_mean_observed,0.8534359335899353
eval_obs_20260828_224901,192,0,saturation_mean_matched_reference,0.0
eval_obs_20260828_224901,216,0,saturation_mean_observed,0.854607105255127
eval_obs_20260828_224901,216,0,saturation_mean_matched_reference,0.0
eval_obs_20260828_224901,240,0,saturation_mean_observed,0.8557035326957703
eval_obs_20260828_224901,240,0,saturation_mean_matched_reference,0.0
eval_obs_20260828_224901,264,0,saturation_mean_observed,0.850904107093811
eval_obs_20260828_224901,264,0,saturation_mean_matched_reference,0.0
eval_obs_20260828_224901,288,0,saturation_mean_observed,0.8523977398872375
eval_obs_20260828_224901,288,0,saturation_mean_matched_reference,0.0
eval_obs_20260828_224901,312,0,saturation_mean_observed,0.8540932536125183
eval_obs_20260828_224901,312,0,saturation_mean_matched_reference,0.0
eval_obs_20260828_224901,336,0,saturation_mean_observed,0.8558545112609863
eval_obs_20260828_224901,336,0,saturation_mean_matched_reference,0.0
eval_obs_20260828_224901,0,0,laplacian_variance_observed,363.41314343282056
eval_obs_20260828_224901,0,0,laplacian_variance_matched_reference,0.0
eval_obs_20260828_224901,24,0,laplacian_variance_observed,355.8038696418549
eval_obs_20260828_224901,24,0,laplacian_variance_matched_reference,0.0
eval_obs_20260828_224901,48,0,laplacian_variance_observed,356.6720543682252
eval_obs_20260828_224901,48,0,laplacian_variance_matched_reference,0.0
eval_obs_20260828_224901,72,0,laplacian_variance_observed,355.8615667096082
eval_obs_20260828_224901,72,0,laplacian_variance_matched_reference,0.0
eval_obs_20260828_224901,96,0,laplacian_variance_observed,355.63679811190894
eval_obs_20260828_224901,96,0,laplacian_variance_matched_reference,0.0
eval_obs_20260828_224901,120,0,laplacian_variance_observed,355.5152241088409
eval_obs_20260828_224901,120,0,laplacian_variance_matched_reference,0.0
eval_obs_20260828_224901,144,0,laplacian_variance_observed,353.8682621849025
eval_obs_20260828_224901,144,0,laplacian_variance_matched_reference,0.0
eval_obs_20260828_224901,168,0,laplacian_variance_observed,353.83912608326597
eval_obs_20260828_224901,168,0,laplacian_variance_matched_reference,0.0
eval_obs_20260828_224901,192,0,laplacian_variance_observed,353.3559668527848
eval_obs_20260828_224901,192,0,laplacian_variance_matched_reference,0.0
eval_obs_20260828_224901,216,0,laplacian_variance_observed,355.7760471942174
eval_obs_20260828_224901,216,0,laplacian_variance_matched_reference,0.0
eval_obs_20260828_224901,240,0,laplacian_variance_observed,356.75707414198894
eval_obs_20260828_224901,240,0,laplacian_variance_matched_reference,0.0
eval_obs_20260828_224901,264,0,laplacian_variance_observed,356.8934544647102
eval_obs_20260828_224901,264,0,laplacian_variance_matched_reference,0.0
eval_obs_20260828_224901,288,0,laplacian_variance_observed,355.6915046087358
eval_obs_20260828_224901,288,0,laplacian_variance_matched_reference,0.0
eval_obs_20260828_224901,312,0,laplacian_variance_observed,355.82945926663086
eval_obs_20260828_224901,312,0,laplacian_variance_matched_reference,0.0
eval_obs_20260828_224901,336,0,laplacian_variance_observed,356.2731181632871
eval_obs_20260828_224901,336,0,laplacian_variance_matched_reference,0.0
eval_obs_20260828_224901,0,0,edge_density_observed,0.026207748724489797
eval_obs_20260828_224901,0,0,edge_density_matched_reference,0.0
eval_obs_20260828_224901,24,0,edge_density_observed,0.025350765306122448
eval_obs_20260828_224901,24,0,edge_density_matched_reference,0.0
eval_obs_20260828_224901,48,0,edge_density_observed,0.024573501275510203
eval_obs_20260828_224901,48,0,edge_density_matched_reference,0.0
eval_obs_20260828_224901,72,0,edge_density_observed,0.02564971301020408
eval_obs_20260828_224901,72,0,edge_density_matched_reference,0.0
eval_obs_20260828_224901,96,0,edge_density_observed,0.02610809948979592
eval_obs_20260828_224901,96,0,edge_density_matched_reference,0.0
eval_obs_20260828_224901,120,0,edge_density_observed,0.023856026785714284
eval_obs_20260828_224901,120,0,edge_density_matched_reference,0.0
eval_obs_20260828_224901,144,0,edge_density_observed,0.02481265943877551
eval_obs_20260828_224901,144,0,edge_density_matched_reference,0.0
eval_obs_20260828_224901,168,0,edge_density_observed,0.025430484693877552
eval_obs_20260828_224901,168,0,edge_density_matched_reference,0.0
eval_obs_20260828_224901,192,0,edge_density_observed,0.025231186224489797
eval_obs_20260828_224901,192,0,edge_density_matched_reference,0.0
eval_obs_20260828_224901,216,0,edge_density_observed,0.023278061224489797
eval_obs_20260828_224901,216,0,edge_density_matched_reference,0.0
eval_obs_20260828_224901,240,0,edge_density_observed,0.025051817602040817
eval_obs_20260828_224901,240,0,edge_density_matched_reference,0.0
eval_obs_20260828_224901,264,0,edge_density_observed,0.02586894132653061
eval_obs_20260828_224901,264,0,edge_density_matched_reference,0.0
eval_obs_20260828_224901,288,0,edge_density_observed,0.024752869897959183
eval_obs_20260828_224901,288,0,edge_density_matched_reference,0.0
eval_obs_20260828_224901,312,0,edge_density_observed,0.023776307397959183
eval_obs_20260828_224901,312,0,edge_density_matched_reference,0.0
eval_obs_20260828_224901,336,0,edge_density_observed,0.02369658801020408
eval_obs_20260828_224901,336,0,edge_density_matched_reference,0.0
eval_obs_20260828_224901,0,1,luma_mean_observed,0.30928632616996765
eval_obs_20260828_224901,0,1,luma_mean_matched_reference,0.3739311695098877
eval_obs_20260828_224901,24,1,luma_mean_observed,0.2967885136604309
eval_obs_20260828_224901,24,1,luma_mean_matched_reference,0.3725355565547943
eval_obs_20260828_224901,48,1,luma_mean_observed,0.28163474798202515
eval_obs_20260828_224901,48,1,luma_mean_matched_reference,0.36093786358833313
eval_obs_20260828_224901,72,1,luma_mean_observed,0.27722081542015076
eval_obs_20260828_224901,72,1,luma_mean_matched_reference,0.3586634695529938
eval_obs_20260828_224901,96,1,luma_mean_observed,0.27900272607803345
eval_obs_20260828_224901,96,1,luma_mean_matched_reference,0.3418823480606079
eval_obs_20260828_224901,120,1,luma_mean_observed,0.27596235275268555
eval_obs_20260828_224901,120,1,luma_mean_matched_reference,0.31694692373275757
eval_obs_20260828_224901,144,1,luma_mean_observed,0.27554479241371155
eval_obs_20260828_224901,144,1,luma_mean_matched_reference,0.31720852851867676
eval_obs_20260828_224901,168,1,luma_mean_observed,0.2812640964984894
eval_obs_20260828_224901,168,1,luma_mean_matched_reference,0.34590744972229004
eval_obs_20260828_224901,192,1,luma_mean_observed,0.2883800268173218
eval_obs_20260828_224901,192,1,luma_mean_matched_reference,0.3512699007987976
eval_obs_20260828_224901,216,1,luma_mean_observed,0.2972044348716736
eval_obs_20260828_224901,216,1,luma_mean_matched_reference,0.3549310266971588
eval_obs_20260828_224901,240,1,luma_mean_observed,0.2992216944694519
eval_obs_20260828_224901,240,1,luma_mean_matched_reference,0.3549310266971588
eval_obs_20260828_224901,264,1,luma_mean_observed,0.2994910180568695
eval_obs_20260828_224901,264,1,luma_mean_matched_reference,0.352148175239563
eval_obs_20260828_224901,288,1,luma_mean_observed,0.29814955592155457
eval_obs_20260828_224901,288,1,luma_mean_matched_reference,0.352148175239563
eval_obs_20260828_224901,312,1,luma_mean_observed,0.29549625515937805
eval_obs_20260828_224901,312,1,luma_mean_matched_reference,0.352148175239563
eval_obs_20260828_224901,336,1,luma_mean_observed,0.2936181426048279
eval_obs_20260828_224901,336,1,luma_mean_matched_reference,0.34673574566841125
eval_obs_20260828_224901,0,1,luma_std_observed,0.24287104606628418
eval_obs_20260828_224901,0,1,luma_std_matched_reference,0.2567833960056305
eval_obs_20260828_224901,24,1,luma_std_observed,0.233958438038826
eval_obs_20260828_224901,24,1,luma_std_matched_reference,0.2497505247592926
eval_obs_20260828_224901,48,1,luma_std_observed,0.22405622899532318
eval_obs_20260828_224901,48,1,luma_std_matched_reference,0.2404535412788391
eval_obs_20260828_224901,72,1,luma_std_observed,0.22086456418037415
eval_obs_20260828_224901,72,1,luma_std_matched_reference,0.2389770895242691
eval_obs_20260828_224901,96,1,luma_std_observed,0.22048361599445343
eval_obs_20260828_224901,96,1,luma_std_matched_reference,0.2302761971950531
eval_obs_20260828_224901,120,1,luma_std_observed,0.21681928634643555
eval_obs_20260828_224901,120,1,luma_std_matched_reference,0.2186741977930069
eval_obs_20260828_224901,144,1,luma_std_observed,0.21507596969604492
eval_obs_20260828_224901,144,1,luma_std_matched_reference,0.21335479617118835
eval_obs_20260828_224901,168,1,luma_std_observed,0.21330025792121887
eval_obs_20260828_224901,168,1,luma_std_matched_reference,0.2245224118232727
eval_obs_20260828_224901,192,1,luma_std_observed,0.21622073650360107
eval_obs_20260828_224901,192,1,luma_std_matched_reference,0.2265809178352356
eval_obs_20260828_224901,216,1,luma_std_observed,0.21813620626926422
eval_obs_20260828_224901,216,1,luma_std_matched_reference,0.22699351608753204
eval_obs_20260828_224901,240,1,luma_std_observed,0.21865685284137726
eval_obs_20260828_224901,240,1,luma_std_matched_reference,0.22699351608753204
eval_obs_20260828_224901,264,1,luma_std_observed,0.21840731799602509
eval_obs_20260828_224901,264,1,luma_std_matched_reference,0.22467780113220215
eval_obs_20260828_224901,288,1,luma_std_observed,0.21757784485816956
eval_obs_20260828_224901,288,1,luma_std_matched_reference,0.22467780113220215
eval_obs_20260828_224901,312,1,luma_std_observed,0.21613577008247375
eval_obs_20260828_224901,312,1,luma_std_matched_reference,0.22467780113220215
eval_obs_20260828_224901,336,1,luma_std_observed,0.21569906175136566
eval_obs_20260828_224901,336,1,luma_std_matched_reference,0.2223631888628006
eval_obs_20260828_224901,0,1,saturation_mean_observed,0.43241459131240845
eval_obs_20260828_224901,0,1,saturation_mean_matched_reference,0.310027152299881
eval_obs_20260828_224901,24,1,saturation_mean_observed,0.44274047017097473
eval_obs_20260828_224901,24,1,saturation_mean_matched_reference,0.3038856089115143
eval_obs_20260828_224901,48,1,saturation_mean_observed,0.4533959627151489
eval_obs_20260828_224901,48,1,saturation_mean_matched_reference,0.3052704930305481
eval_obs_20260828_224901,72,1,saturation_mean_observed,0.45386260747909546
eval_obs_20260828_224901,72,1,saturation_mean_matched_reference,0.3069308400154114
eval_obs_20260828_224901,96,1,saturation_mean_observed,0.454237699508667
eval_obs_20260828_224901,96,1,saturation_mean_matched_reference,0.31766176223754883
eval_obs_20260828_224901,120,1,saturation_mean_observed,0.45765525102615356
eval_obs_20260828_224901,120,1,saturation_mean_matched_reference,0.3454585671424866
eval_obs_20260828_224901,144,1,saturation_mean_observed,0.45801782608032227
eval_obs_20260828_224901,144,1,saturation_mean_matched_reference,0.33644405007362366
eval_obs_20260828_224901,168,1,saturation_mean_observed,0.4528985619544983
eval_obs_20260828_224901,168,1,saturation_mean_matched_reference,0.31658029556274414
eval_obs_20260828_224901,192,1,saturation_mean_observed,0.44480377435684204
eval_obs_20260828_224901,192,1,saturation_mean_matched_reference,0.31425780057907104
eval_obs_20260828_224901,216,1,saturation_mean_observed,0.43517518043518066
eval_obs_20260828_224901,216,1,saturation_mean_matched_reference,0.3125530481338501
eval_obs_20260828_224901,240,1,saturation_mean_observed,0.4333932101726532
eval_obs_20260828_224901,240,1,saturation_mean_matched_reference,0.3125530481338501
eval_obs_20260828_224901,264,1,saturation_mean_observed,0.4323773980140686
eval_obs_20260828_224901,264,1,saturation_mean_matched_reference,0.3133433759212494
eval_obs_20260828_224901,288,1,saturation_mean_observed,0.4323422312736511
eval_obs_20260828_224901,288,1,saturation_mean_matched_reference,0.3133433759212494
eval_obs_20260828_224901,312,1,saturation_mean_observed,0.4337722957134247
eval_obs_20260828_224901,312,1,saturation_mean_matched_reference,0.3133433759212494
eval_obs_20260828_224901,336,1,saturation_mean_observed,0.43603208661079407
eval_obs_20260828_224901,336,1,saturation_mean_matched_reference,0.31597545742988586
eval_obs_20260828_224901,0,1,laplacian_variance_observed,1007.7695276513789
eval_obs_20260828_224901,0,1,laplacian_variance_matched_reference,1315.2787444250923
eval_obs_20260828_224901,24,1,laplacian_variance_observed,970.217914951091
eval_obs_20260828_224901,24,1,laplacian_variance_matched_reference,1322.935519404334
eval_obs_20260828_224901,48,1,laplacian_variance_observed,955.411612682271
eval_obs_20260828_224901,48,1,laplacian_variance_matched_reference,1337.5276177790402
eval_obs_20260828_224901,72,1,laplacian_variance_observed,922.633897353192
eval_obs_20260828_224901,72,1,laplacian_variance_matched_reference,1327.081114009538
eval_obs_20260828_224901,96,1,laplacian_variance_observed,938.54815360478
eval_obs_20260828_224901,96,1,laplacian_variance_matched_reference,1300.6986324400864
eval_obs_20260828_224901,120,1,laplacian_variance_observed,924.8806897230518
eval_obs_20260828_224901,120,1,laplacian_variance_matched_reference,1243.6059588043454
eval_obs_20260828_224901,144,1,laplacian_variance_observed,902.3391341396491
eval_obs_20260828_224901,144,1,laplacian_variance_matched_reference,1297.190473896918
eval_obs_20260828_224901,168,1,laplacian_variance_observed,865.8522926749215
eval_obs_20260828_224901,168,1,laplacian_variance_matched_reference,1294.6808616689025
eval_obs_20260828_224901,192,1,laplacian_variance_observed,840.9343805082735
eval_obs_20260828_224901,192,1,laplacian_variance_matched_reference,1318.7043389884793
eval_obs_20260828_224901,216,1,laplacian_variance_observed,818.9523474245653
eval_obs_20260828_224901,216,1,laplacian_variance_matched_reference,1299.3289748016668
eval_obs_20260828_224901,240,1,laplacian_variance_observed,829.5434641236318
eval_obs_20260828_224901,240,1,laplacian_variance_matched_reference,1299.3289748016668
eval_obs_20260828_224901,264,1,laplacian_variance_observed,831.6707012739741
eval_obs_20260828_224901,264,1,laplacian_variance_matched_reference,1269.3538419746549
eval_obs_20260828_224901,288,1,laplacian_variance_observed,847.3774570590604
eval_obs_20260828_224901,288,1,laplacian_variance_matched_reference,1269.3538419746549
eval_obs_20260828_224901,312,1,laplacian_variance_observed,845.6540074215388
eval_obs_20260828_224901,312,1,laplacian_variance_matched_reference,1269.3538419746549
eval_obs_20260828_224901,336,1,laplacian_variance_observed,833.5145114543586
eval_obs_20260828_224901,336,1,laplacian_variance_matched_reference,1277.619102245666
eval_obs_20260828_224901,0,1,edge_density_observed,0.09530452806122448
eval_obs_20260828_224901,0,1,edge_density_matched_reference,0.09634088010204081
eval_obs_20260828_224901,24,1,edge_density_observed,0.0905014349489796
eval_obs_20260828_224901,24,1,edge_density_matched_reference,0.09514508928571429
eval_obs_20260828_224901,48,1,edge_density_observed,0.08805006377551021
eval_obs_20260828_224901,48,1,edge_density_matched_reference,0.10012755102040816
eval_obs_20260828_224901,72,1,edge_density_observed,0.08944515306122448
eval_obs_20260828_224901,72,1,edge_density_matched_reference,0.09877232142857142
eval_obs_20260828_224901,96,1,edge_density_observed,0.08745216836734694
eval_obs_20260828_224901,96,1,edge_density_matched_reference,0.09817442602040816
eval_obs_20260828_224901,120,1,edge_density_observed,0.08717315051020408
eval_obs_20260828_224901,120,1,edge_density_matched_reference,0.09739716198979592
eval_obs_20260828_224901,144,1,edge_density_observed,0.08539939413265306
eval_obs_20260828_224901,144,1,edge_density_matched_reference,0.09875239158163265
eval_obs_20260828_224901,168,1,edge_density_observed,0.08143335459183673
eval_obs_20260828_224901,168,1,edge_density_matched_reference,0.09650031887755102
eval_obs_20260828_224901,192,1,edge_density_observed,0.07790577168367346
eval_obs_20260828_224901,192,1,edge_density_matched_reference,0.09476642219387756
eval_obs_20260828_224901,216,1,edge_density_observed,0.07880261479591837
eval_obs_20260828_224901,216,1,edge_density_matched_reference,0.09301259566326531
eval_obs_20260828_224901,240,1,edge_density_observed,0.07862324617346939
eval_obs_20260828_224901,240,1,edge_density_matched_reference,0.09301259566326531
eval_obs_20260828_224901,264,1,edge_density_observed,0.07716836734693877
eval_obs_20260828_224901,264,1,edge_density_matched_reference,0.09058115433673469
eval_obs_20260828_224901,288,1,edge_density_observed,0.07690927933673469
eval_obs_20260828_224901,288,1,edge_density_matched_reference,0.09058115433673469
eval_obs_20260828_224901,312,1,edge_density_observed,0.07501594387755102
eval_obs_20260828_224901,312,1,edge_density_matched_reference,0.09058115433673469
eval_obs_20260828_224901,336,1,edge_density_observed,0.07567362882653061
eval_obs_20260828_224901,336,1,edge_density_matched_reference,0.09241470025510204
